Sensor,F_statistic,p_value
Cu-WEHHHE-PCV,89.77876454964044,1.2292401008018167e-180
Cu-FHFPHHF-CAS,86.48892967685663,1.756705291944058e-174
Cu-WEEHEE-CAS,68.90796098325889,8.606315964431996e-141
Cu-WDHHHD-PCV,60.30924219245574,8.267275780278441e-124
Cu-WGHGGHHG-PCV,59.920272321090394,4.938735670471028e-123
Cu-IHIGHHI-PCV,31.824328838356358,4.107998470901039e-65
Cu-WHCCHDHCD-PCV,26.49761907737577,9.663298114721679e-54
Cu-FHFPHHF-PCV,23.996228928862305,2.29043358065106e-48
Cu-WDDHDD-PCV,20.702717075976,2.909112468473806e-41
Cu-WEEHEE-PCV,17.518810191525926,2.240728047762145e-34
Cu-PHGGGWGQ-PCV,11.617302013060334,1.249998869394006e-21
Cu-WAHEDEFF-PCV,8.715864476688171,1.9386243073533176e-15
Ni-WEEHEE-BPR,2.0437378875007117,0.02117845334495723
Ni-FHFPHHF-BPR,1.0201458283775133,0.42516808345680973
